Наименование;Цена;Валюта;Наличие
Масло моторное FORD FORMULA F 5W-30;1858;₽;1
Масло моторное HYUNDAI/KIA HYUNDAI TURBO SYN 5W-30;1850;₽;10
Масло моторное GENERAL MOTORS GM DEXOS2 5W-30 (EU);1465;₽;16
Масло моторное TOTAL QUARTZ INEO ECS 5W-30;2000;₽;8
Масло моторное MOBIL Mobil Super 3000 X1 5W-40;1857;₽;7
Масло моторное TOTAL QUARTZ 9000 ENERGY HKS G-310 5W-30;2000;₽;10
Масло моторное MOBIL Mobil Super 3000 X1 5W-40;529;₽;18
Масло моторное GENERAL MOTORS GM DEXOS2 5W-30 (RU);1407;₽;18
Масло моторное FORD FORMULA F 5W-30;1858;₽;1
Масло моторное HYUNDAI/KIA HYUNDAI TURBO SYN 5W-30;1850;₽;10
Масло моторное GENERAL MOTORS GM DEXOS2 5W-30 (EU);1465;₽;16
Масло моторное TOTAL QUARTZ INEO ECS 5W-30;2000;₽;8
Масло моторное MOBIL Mobil Super 3000 X1 5W-40;1857;₽;7
Масло моторное TOTAL QUARTZ 9000 ENERGY HKS G-310 5W-30;2000;₽;10
Масло моторное MOBIL Mobil Super 3000 X1 5W-40;529;₽;18
Масло моторное GENERAL MOTORS GM DEXOS2 5W-30 (RU);1407;₽;18
Масло моторное FORD FORMULA F 5W-30;1858;₽;1
Масло моторное HYUNDAI/KIA HYUNDAI TURBO SYN 5W-30;1850;₽;10
Масло моторное GENERAL MOTORS GM DEXOS2 5W-30 (EU);1465;₽;16
Масло моторное TOTAL QUARTZ INEO ECS 5W-30;2000;₽;8
Масло моторное MOBIL Mobil Super 3000 X1 5W-40;1857;₽;7
Масло моторное TOTAL QUARTZ 9000 ENERGY HKS G-310 5W-30;2000;₽;10
Масло моторное MOBIL Mobil Super 3000 X1 5W-40;529;₽;18
Масло моторное GENERAL MOTORS GM DEXOS2 5W-30 (RU);1407;₽;18
Масло моторное FORD FORMULA F 5W-30;1858;₽;1
Масло моторное HYUNDAI/KIA HYUNDAI TURBO SYN 5W-30;1850;₽;10
Масло моторное GENERAL MOTORS GM DEXOS2 5W-30 (EU);1465;₽;16
Масло моторное TOTAL QUARTZ INEO ECS 5W-30;2000;₽;8
Масло моторное MOBIL Mobil Super 3000 X1 5W-40;1857;₽;7
Масло моторное TOTAL QUARTZ 9000 ENERGY HKS G-310 5W-30;2000;₽;10
Масло моторное MOBIL Mobil Super 3000 X1 5W-40;529;₽;18
Масло моторное GENERAL MOTORS GM DEXOS2 5W-30 (RU);1407;₽;18
Масло моторное FORD FORMULA F 5W-30;1858;₽;1
Масло моторное HYUNDAI/KIA HYUNDAI TURBO SYN 5W-30;1850;₽;10
Масло моторное GENERAL MOTORS GM DEXOS2 5W-30 (EU);1465;₽;16
Масло моторное TOTAL QUARTZ INEO ECS 5W-30;2000;₽;8
Масло моторное MOBIL Mobil Super 3000 X1 5W-40;1857;₽;7
Масло моторное TOTAL QUARTZ 9000 ENERGY HKS G-310 5W-30;2000;₽;10
Масло моторное MOBIL Mobil Super 3000 X1 5W-40;529;₽;18
Масло моторное GENERAL MOTORS GM DEXOS2 5W-30 (RU);1407;₽;18